snapshot_utc,id,symbol,name,current_price,market_cap,market_cap_rank,total_volume,high_24h,low_24h,price_change_percentage_1h_in_currency,price_change_percentage_24h_in_currency,price_change_percentage_7d_in_currency,last_updated
2026-03-02 16:05:22+00:00,bitcoin,btc,Bitcoin,69132.0,1381835975432,1,56709596876.0,69474.0,65149.0,2.802447399471786,3.2700626889324327,4.882090138263222,2026-03-02 16:04:44.143000+00:00
2026-03-02 16:05:22+00:00,ethereum,eth,Ethereum,2049.45,247103113392,2,25438904858.0,2059.82,1910.44,3.284071569399935,2.9187101974896468,8.12869257484732,2026-03-02 16:04:44.138000+00:00
2026-03-02 16:05:22+00:00,tether,usdt,Tether,0.999975,183620769879,3,89551781333.0,1.0,0.999549,0.02321090012208096,-0.010268838603692166,0.013899985910481196,2026-03-02 16:04:41.038000+00:00
2026-03-02 16:05:22+00:00,binancecoin,bnb,BNB,648.63,88203598121,4,1462535919.0,648.65,611.51,1.7409401347832376,3.540599459154929,6.5836062854201804,2026-03-02 16:04:44.219000+00:00
2026-03-02 16:05:22+00:00,ripple,xrp,XRP,1.4,85505719281,5,3407720313.0,1.41,1.34,2.1148838008201407,1.2317044140751452,1.1459028779361133,2026-03-02 16:04:40.685000+00:00
2026-03-02 16:05:22+00:00,usd-coin,usdc,USDC,0.999991,75117391228,6,8964566155.0,1.0,0.999808,-0.0054872021589890685,0.0053874516901965055,-0.0005960071154920148,2026-03-02 16:04:41.154000+00:00
2026-03-02 16:05:22+00:00,solana,sol,Solana,88.6,50434091677,7,5446748534.0,88.57,81.86,3.2827304935540793,3.0864886778870657,11.475127078934047,2026-03-02 16:04:40.664000+00:00
2026-03-02 16:05:22+00:00,tron,trx,TRON,0.282434,26769856383,8,427611064.0,0.28296,0.280176,0.14769971748658506,0.25609848621209746,-0.7625079021454724,2026-03-02 16:04:40.509000+00:00
2026-03-02 16:05:22+00:00,dogecoin,doge,Dogecoin,0.095658,16167383363,9,1328366831.0,0.096273,0.090675,2.212856979709956,1.5921419749286034,0.5992454490980661,2026-03-02 16:04:40.612000+00:00
2026-03-02 16:05:22+00:00,figure-heloc,figr_heloc,Figure Heloc,1.029,15902989804,10,286520.0,,,,,1.2674852100645975,2026-03-01 06:09:21.671000+00:00
2026-03-02 16:05:22+00:00,whitebit,wbt,WhiteBIT Coin,50.45,10775100338,11,78200073.0,50.62,48.02,2.207723436994866,1.5100899083167392,2.7643038166683396,2026-03-02 16:04:40.296000+00:00
2026-03-02 16:05:22+00:00,cardano,ada,Cardano,0.284216,10470774490,12,597255341.0,0.285806,0.269355,2.727598499945688,1.0641391712333568,6.373121675829801,2026-03-02 16:04:40.668000+00:00
2026-03-02 16:05:22+00:00,usds,usds,USDS,1.0,10157133424,13,17992554.0,1.001,0.999408,0.009681007927157297,0.007867769711407615,0.05386309517934413,2026-03-02 16:04:40.368000+00:00
2026-03-02 16:05:22+00:00,bitcoin-cash,bch,Bitcoin Cash,447.03,8964252317,14,344697031.0,452.63,432.56,0.7994379601479127,-0.3657285199078915,-16.59955259219484,2026-03-02 16:04:40.589000+00:00
2026-03-02 16:05:22+00:00,leo-token,leo,LEO Token,9.05,8326711128,15,2140102.0,9.25,8.93,0.14168942147659214,0.24909700086093237,11.717009528289111,2026-03-02 16:04:40.301000+00:00
2026-03-02 16:05:22+00:00,hyperliquid,hype,Hyperliquid,32.13,7677364490,16,410111076.0,32.55,30.08,0.7099424313609345,2.2983636985788234,20.973654269223914,2026-03-02 16:04:40.429000+00:00
2026-03-02 16:05:22+00:00,chainlink,link,Chainlink,9.11,6448157609,17,421797829.0,9.14,8.55,2.9125292745521314,1.823335210380779,8.144104645292575,2026-03-02 16:04:40.759000+00:00
2026-03-02 16:05:22+00:00,monero,xmr,Monero,345.48,6379999133,18,103894750.0,353.26,336.27,0.1958391301371784,-0.5537467919137484,9.530212695639138,2026-03-02 16:04:40.365000+00:00
2026-03-02 16:05:22+00:00,canton-network,cc,Canton,0.162181,6151031789,19,23860940.0,0.165037,0.157078,-0.07956308019982238,-1.730697031029787,1.7406214038992316,2026-03-02 16:04:40.347000+00:00
2026-03-02 16:05:22+00:00,ethena-usde,usde,Ethena USDe,0.999236,6008156230,20,57726604.0,0.999635,0.998719,-0.0011394870757819244,-0.004362984545016959,-0.006714804451013807,2026-03-02 16:04:40.484000+00:00
2026-03-02 16:05:22+00:00,stellar,xlm,Stellar,0.160236,5280380242,21,124300906.0,0.161098,0.15205,2.232687671592695,1.108966528236207,3.2342585683639506,2026-03-02 16:04:40.617000+00:00
2026-03-02 16:05:22+00:00,usd1-wlfi,usd1,USD1,0.999525,4663807157,22,2346462456.0,1.001,0.998176,0.045083790615227444,0.006500062743923053,0.17366293663450555,2026-03-02 16:04:40.780000+00:00
2026-03-02 16:05:22+00:00,rain,rain,Rain,0.00933355,4461567444,23,31454339.0,0.00940971,0.00905647,0.7941876803989193,1.036844818165886,-2.6393214583548255,2026-03-02 16:04:40.376000+00:00
2026-03-02 16:05:22+00:00,hedera-hashgraph,hbar,Hedera,0.10148,4361276073,24,108617052.0,0.101976,0.09583,1.8398861437260943,1.7162473084743453,5.389073046595831,2026-03-02 16:04:40.456000+00:00
2026-03-02 16:05:22+00:00,litecoin,ltc,Litecoin,54.95,4233603941,25,341720991.0,55.32,52.56,1.2713603409062006,0.9693260238988071,5.207131272974465,2026-03-02 16:04:41.739000+00:00
2026-03-02 16:05:22+00:00,dai,dai,Dai,1.001,4194876014,26,67393520.0,1.002,0.998399,0.038814330813463464,0.10480143014873196,0.09260294786773587,2026-03-02 16:04:40.555000+00:00
2026-03-02 16:05:22+00:00,paypal-usd,pyusd,PayPal USD,0.999226,4193708601,27,105207175.0,1.001,0.998426,-0.021369550692120445,-0.06473329979855164,-0.06878372099354237,2026-03-02 16:04:40.520000+00:00
2026-03-02 16:05:22+00:00,avalanche-2,avax,Avalanche,9.32,4025285430,28,366817414.0,9.36,8.86,2.0890063912099155,1.764649619030216,7.802942852046046,2026-03-02 16:04:40.684000+00:00
2026-03-02 16:05:22+00:00,zcash,zec,Zcash,222.88,3699925532,29,252603554.0,225.67,211.68,1.1726363560862398,0.6414882465153444,-8.756547222335094,2026-03-02 16:04:40.638000+00:00
2026-03-02 16:05:22+00:00,sui,sui,Sui,0.944398,3685736896,30,958667204.0,0.953672,0.868224,3.000551686949818,3.2797758169065645,6.476577161997997,2026-03-02 16:04:40.957000+00:00
2026-03-02 16:05:22+00:00,shiba-inu,shib,Shiba Inu,5.71e-06,3365184246,31,156232951.0,5.76e-06,5.45e-06,1.4702493432046384,0.8938615617082759,-7.04158705288727,2026-03-02 16:04:40.799000+00:00
2026-03-02 16:05:22+00:00,crypto-com-chain,cro,Cronos,0.076473,3142611869,32,12528918.0,0.0768,0.073833,1.3954706497346696,0.7348907005262693,2.222517648028698,2026-03-02 16:04:40.955000+00:00
2026-03-02 16:05:22+00:00,the-open-network,ton,Toncoin,1.24,3042103070,33,123293161.0,1.25,1.19,0.38737670033356564,0.5050973093327504,-10.082484345915796,2026-03-02 16:04:42.082000+00:00
2026-03-02 16:05:22+00:00,world-liberty-financial,wlfi,World Liberty Financial,0.109277,3023307719,34,82010147.0,0.110737,0.104485,1.8262413954347738,-1.126161262248709,-3.4165173997114646,2026-03-02 16:04:40.535000+00:00
2026-03-02 16:05:22+00:00,tether-gold,xaut,Tether Gold,5254.66,2980408218,35,1351133394.0,5386.94,5280.57,-0.8851032729035418,-1.5498677332292075,1.5425112038941617,2026-03-02 16:04:40.985000+00:00
2026-03-02 16:05:22+00:00,memecore,m,MemeCore,1.52,2647128635,36,8628439.0,1.54,1.48,-0.21681355582490722,2.046718461650331,6.5276168253063,2026-03-02 16:04:40.470000+00:00
2026-03-02 16:05:22+00:00,polkadot,dot,Polkadot,1.57,2632430936,37,250490913.0,1.59,1.5,2.601869132080154,1.0338671415548413,22.587841234245566,2026-03-02 16:04:40.662000+00:00
2026-03-02 16:05:22+00:00,pax-gold,paxg,PAX Gold,5312.58,2564574186,38,760457545.0,5453.09,5335.5,-0.711926318706515,-1.776805215414037,1.8790856215186569,2026-03-02 16:04:40.771000+00:00
2026-03-02 16:05:22+00:00,uniswap,uni,Uniswap,3.98,2522992410,39,231801295.0,4.01,3.68,2.3874240970010687,4.71872645822716,16.95934211799817,2026-03-02 16:04:40.810000+00:00
2026-03-02 16:05:22+00:00,mantle,mnt,Mantle,0.639074,2078867992,40,29883686.0,0.643226,0.623543,1.000154390160953,-0.41640498966533857,9.045608391727283,2026-03-02 16:04:41.005000+00:00
2026-03-02 16:05:22+00:00,blackrock-usd-institutional-digital-liquidity-fund,buidl,BlackRock USD Institutional Digital Liquidity Fund,1.0,1958775991,41,0.0,1.0,1.0,0.0,0.0,0.0,2026-03-02 16:00:12.857000+00:00
2026-03-02 16:05:22+00:00,hashnote-usyc,usyc,Circle USYC,1.12,1945418417,42,111804.0,1.12,1.12,0.0,0.009091583716522349,0.2764311574734972,2026-03-02 16:04:40.451000+00:00
2026-03-02 16:05:22+00:00,aave,aave,Aave,122.86,1869312330,43,547363287.0,123.26,110.83,4.337452827656,6.35907642383635,3.594005270580669,2026-03-02 16:04:41.475000+00:00
2026-03-02 16:05:22+00:00,bittensor,tao,Bittensor,187.95,1803795358,44,103064250.0,188.63,172.81,2.3339057163936654,3.5628279502926423,10.94813699219681,2026-03-02 16:04:40.551000+00:00
2026-03-02 16:05:22+00:00,global-dollar,usdg,Global Dollar,0.999956,1786272328,45,34467516.0,1.0,0.999663,0.01573653909965885,0.005975091882183703,0.017220671413821206,2026-03-02 16:04:40.649000+00:00
2026-03-02 16:05:22+00:00,aster-2,aster,Aster,0.712716,1750942459,46,122731309.0,0.722188,0.691508,0.8913680074148176,-0.7176995731263927,2.508045450401386,2026-03-02 16:04:42.333000+00:00
2026-03-02 16:05:22+00:00,falcon-finance,usdf,Falcon USD,0.99658,1735577294,47,2215111.0,0.997597,0.993682,0.009167117402361256,0.009344974336448838,-0.07657547784333543,2026-03-02 16:04:40.522000+00:00
2026-03-02 16:05:22+00:00,near,near,NEAR Protocol,1.3,1686913945,48,453219381.0,1.32,1.11,0.7721937247383655,12.555367796668786,30.255213339247018,2026-03-02 16:04:40.891000+00:00
2026-03-02 16:05:22+00:00,sky,sky,Sky,0.071266,1640568199,49,10644922.0,0.071169,0.066124,2.972991703504204,4.876865711554418,12.101450067078117,2026-03-02 16:04:40.763000+00:00
2026-03-02 16:05:22+00:00,okb,okb,OKB,77.42,1627815570,50,14894479.0,77.95,74.87,0.8120935004865578,0.7348373157250784,3.5906564433399173,2026-03-02 16:04:40.808000+00:00
